"","Tree","Model","Cladogenesis","Extinction","Carrying_capacity","Colonisation","Anagenesis","Likelihood"
"1",1,1,0.0595257979553283,4.89233129960145e-06,434.843698617429,0.000344381518345616,1.65053094865568e-05,-1140.97005154789
"2",1,2,0.0595257979553283,4.89233129960145e-06,434.843698617429,0.000344381518345616,1.65053094865568e-05,-1140.97005154789
"3",1,3,0.0595257979553283,4.89233129960145e-06,434.843698617429,0.000344381518345616,1.65053094865568e-05,-1140.97005154789
"4",2,1,0.0514803512400711,9.93250978916711e-06,2525.71709605828,0.00376021083574929,0.279752476966495,-1097.94503382245
"5",2,2,0.0515075800955489,1.38055097852236e-07,2540.13542297717,0.00376551980908792,0.278365371790756,-1097.9443610187
"6",2,3,0.0515075800955489,1.38055097852236e-07,2534.98687116789,0.00376751637975015,0.278421151525681,-1097.94434203936
"7",3,1,0.0684672218929133,3.62870890012368e-07,843.931616724724,0.000342583176307338,8.7527303934563e-06,-1065.41727884188
"8",3,2,0.0684672218929133,3.62870890012368e-07,843.931616724724,0.000342583176307338,8.7527303934563e-06,-1065.41727884188
"9",3,3,0.0684672218929133,3.62870890012368e-07,843.931616724724,0.000342583176307338,8.7527303934563e-06,-1065.41727884188
"10",4,1,0.0687228660464525,1.060252972136e-06,687.508034117359,0.000342581900793996,3.72087741090655e-06,-1073.49690072791
"11",4,2,0.0687228660464525,1.060252972136e-06,687.508034117359,0.000342581900793996,3.72087741090655e-06,-1073.49690072791
"12",4,3,0.0687228660464525,1.060252972136e-06,687.508034117359,0.000342581900793996,3.72087741090655e-06,-1073.49690072791
"13",5,1,0.0714484485832968,4.93097634020257e-08,583.527524486882,0.000345286046857366,0.000134827237163634,-1079.24386589194
"14",5,2,0.0713953535659452,4.36874084923585e-08,584.814962116796,0.000339489703894373,6.54692446063001e-07,-1079.23703917709
"15",5,3,0.0713953535659452,4.36874084923585e-08,584.814962116796,0.000339489703894373,6.54692446063001e-07,-1079.23703917715
"16",6,1,0.0689653987500756,3.94460762717891e-07,370.479268726553,0.000342292337136505,2.71419106718961e-07,-1120.56157348196
"17",6,2,0.0689653987500756,3.94460762717891e-07,370.479268726553,0.000342292337136505,2.71419106718961e-07,-1120.56157348197
"18",6,3,0.0689653987500756,3.94460762717891e-07,370.479268726553,0.000342292337136505,2.71419106718961e-07,-1120.56157348196
"19",7,1,0.0831300642849534,1.72575338346669e-06,362.205179597635,0.000342296865500554,2.67325801315441e-05,-1082.19446051412
"20",7,2,0.08306662627264,5.05047535319971e-07,362.205179597635,0.000342296865500554,2.67325801315441e-05,-1082.19400643991
"21",7,3,0.08306662627264,5.05047535319971e-07,362.205179597635,0.000342296865500554,2.67325801315441e-05,-1082.19400643991
"22",8,1,0.0751060206493092,0.117077768082378,Inf,0.0974943499499646,0.627317526068963,-778.472329911496
"23",8,2,0.0755269957641586,0.117692125144823,Inf,0.097867410037036,0.629230963948637,-778.467966164773
"24",8,3,0.0757230655323734,0.117919506605208,Inf,0.0980248024668874,0.629438746830822,-778.467358945183
"25",9,1,0.0745117345006088,4.85585962276514e-06,583.706687346944,0.000344520749399057,4.96871850139617e-07,-1060.67156005302
"26",9,2,0.0745117345006088,4.85585962276514e-06,583.706687346944,0.000344520749399057,4.96871850139617e-07,-1060.67156005263
"27",9,3,0.0745117345006088,4.85585962276514e-06,583.706687346944,0.000344520749399057,4.96871850139617e-07,-1060.67156005314
"28",10,1,0.0723365043237364,8.42208575176643e-07,436.690357196763,0.000341873644873707,1.69813467606652e-07,-1088.42431059001
"29",10,2,0.0722371571536241,2.26706513448965e-07,436.690357196763,0.000341873644873707,1.69813467606652e-07,-1088.42366605951
"30",10,3,0.0722371571536241,2.26706513448965e-07,436.690357196763,0.000341873644873707,1.69813467606652e-07,-1088.42366605951
"31",11,1,0.0614787364930568,1.60736005924022e-06,438.413820862603,0.000345746108180484,1.54910413583923e-08,-1136.02801244935
"32",11,2,0.0614771891573649,4.47689707313997e-07,438.413820862603,0.000345746108180484,1.54910413583923e-08,-1136.02759463346
"33",11,3,0.0614771891573649,4.47689707313997e-07,438.413820862603,0.000345746108180484,1.54910413583923e-08,-1136.02759463346
"34",12,1,0.0635114705826854,9.53092789147833e-07,537.229118251227,0.000333926409551355,1.98507285905038e-05,-1107.27731509365
"35",12,2,0.0626299393814005,9.53092789147833e-07,556.29236439694,0.000339863199756985,1.83682274332633e-05,-1107.26096837523
"36",12,3,0.0626299393814005,9.53092789147833e-07,556.29236439694,0.000339863199756985,1.83682274332633e-05,-1107.26096837523
"37",13,1,0.0638614884060516,5.73432787666733e-06,457.292842716517,0.000337634427277288,2.32785588533001e-07,-1116.861056003
"38",13,2,0.0638614884060516,5.73432787666733e-06,457.292842716517,0.000337634427277288,2.32785588533001e-07,-1116.86105600298
"39",13,3,0.0638614884060516,5.73432787666733e-06,457.292842716517,0.000337634427277288,2.32785588533001e-07,-1116.86105600294
"40",14,1,0.0725057919631366,1.26802834162792e-06,515.066096268284,0.000336298290968166,1.54922570104274e-05,-1079.44707734863
"41",14,2,0.0725057919631366,1.26802834162792e-06,515.066096268284,0.000336298290968166,1.54922570104274e-05,-1079.4470773484
"42",14,3,0.0725057919631366,1.26802834162792e-06,515.066096268284,0.000336298290968166,1.54922570104274e-05,-1079.44707734855
"43",15,1,0.0502552776586732,0.00629025699644206,Inf,0.00421973880207668,0.252326118334098,-1090.05245080382
"44",15,2,0.0502047647143877,0.00618063330694198,Inf,0.0042012086253829,0.251854682060439,-1090.05159955968
"45",15,3,0.050173626977738,0.00608823881969377,Inf,0.00418648960391075,0.251845543056886,-1090.05128208819
"46",16,1,0.0646501354174277,8.17851294809766e-07,547.961405906993,0.000341936519481326,1.55985379069997e-05,-1100.53490771155
"47",16,2,0.0646501354174277,8.17851294809766e-07,547.961405906993,0.000341936519481326,1.55985379069997e-05,-1100.53490771151
"48",16,3,0.0646501354174277,8.17851294809766e-07,547.961405906993,0.000341936519481326,1.55985379069997e-05,-1100.53490771161
"49",17,1,0.0735271068209838,5.40883092009577e-07,546.352535949187,0.000344025310633338,6.41702757230907e-06,-1065.05772188099
"50",17,2,0.0735271068209838,5.40883092009576e-07,543.576706008574,0.000345005562289902,3.63902092019169e-06,-1065.05769455443
"51",17,3,0.0736289292259063,2.513572977452e-08,543.576706008574,0.000345005562289902,3.63902092019169e-06,-1065.05717548469
"52",18,1,0.0637648706360244,5.77841869725059e-06,572.465505851978,0.000340911011851249,2.05753650638387e-07,-1093.70536960864
"53",18,2,0.0639762149661937,3.21518450672325e-08,567.669885018528,0.000341561042864804,4.99964696968726e-06,-1093.69955065065
"54",18,3,0.0644073803809043,1.32999633252991e-06,556.848190064176,0.000337771551399355,8.141920834416e-07,-1093.6969485994
"55",19,1,0.0685049849932783,8.66532903214146e-06,536.884154964372,0.000339885272426804,6.05987815954583e-06,-1087.24434699359
"56",19,2,0.0682245391303921,3.32765070455594e-08,538.396481013974,0.000341616440880562,1.17870393993451e-05,-1087.23886039402
"57",19,3,0.0682245391303921,3.32765070455594e-08,538.396481013974,0.000341616440880562,1.17870393993451e-05,-1087.23886039354
"58",20,1,0.0676524872844787,2.14987781831514e-06,615.551719967086,0.000337624471251966,5.30332230917307e-05,-1079.51976857383
"59",20,2,0.0676524872844787,2.14987781831514e-06,615.551719967086,0.000337624471251966,5.30332230917307e-05,-1079.51976856912
"60",20,3,0.0676524872844787,2.14987781831514e-06,615.551719967086,0.000337624471251966,5.30332230917307e-05,-1079.51976857672
"61",21,1,0.0763086155692596,1.04857628436413e-06,377.40537856215,0.000343100325604004,8.96253239204011e-06,-1091.7293210516
"62",21,2,0.0763086155692596,1.04857628436413e-06,377.40537856215,0.000343100325604004,8.96253239204011e-06,-1091.72932105161
"63",21,3,0.0763086155692596,1.04857628436413e-06,377.40537856215,0.000343100325604004,8.96253239204011e-06,-1091.72932105161
"64",22,1,0.0673044244295491,1.21476931979747e-06,396.077717708531,0.000342438239669375,7.70156913203785e-07,-1117.14683716031
"65",22,2,0.0673044244295491,1.21476931979747e-06,400.095333328601,0.000348170849768761,7.55764098894165e-05,-1117.14504253368
"66",22,3,0.0667025810778727,6.21536124380987e-07,404.843904128442,0.000342781607878379,1.03355906027796e-06,-1117.13417826589
"67",23,1,0.0640557368544835,0.0989849186144455,Inf,0.0828059480149883,0.533301432929936,-798.395876550225
"68",23,2,0.0641910890973897,0.0990792835798374,Inf,0.0828059480149883,0.533301432929936,-798.395018386833
"69",23,3,0.0642226496067264,0.0991240986181902,Inf,0.0827401834018757,0.533151812078973,-798.395177623404
"70",24,1,0.0649545952191949,9.72110481636442e-06,539.617644784178,0.000339177041648024,2.86517013456277e-08,-1101.81785488723
"71",24,2,0.0646209115369352,3.98617899403965e-08,542.797978954284,0.000341516179949498,6.49771900266104e-06,-1101.81023781565
"72",24,3,0.0645183576313933,3.24069461193632e-09,543.521839294349,0.00034374317423029,1.29208383995981e-06,-1101.80954282908
"73",25,1,0.0732075110869985,1.52900396029884e-05,426.00215572467,0.000342981054484639,1.67374410591448e-06,-1092.98372796285
"74",25,2,0.0732142598073381,3.57106857373709e-06,426.00215572467,0.000342981054484639,1.67374410591448e-06,-1092.9796524229
"75",25,3,0.0732142598073381,3.57106857373709e-06,426.00215572467,0.000342981054484639,1.67374410591448e-06,-1092.9796524229
"76",26,1,0.0643139789034825,5.9116966415154e-05,410.797758806851,0.000349000381938153,2.84911753180485e-06,-1125.13154250707
"77",26,2,0.0641472808488427,1.36068464948801e-08,410.297860517267,0.000340413876829157,2.22851494003864e-06,-1125.11059952814
"78",26,3,0.0641472808488427,1.36068464948801e-08,410.297860517267,0.000340413876829157,2.22851494003864e-06,-1125.11059952814
"79",27,1,0.066342261572544,4.5270193666666e-08,537.356000394172,0.000341960559083102,9.17328512814014e-07,-1093.88251686935
"80",27,2,0.066342261572544,4.5270193666666e-08,537.356000394172,0.000341960559083102,9.17328512814014e-07,-1093.88251686938
"81",27,3,0.066342261572544,4.5270193666666e-08,537.356000394172,0.000341960559083102,9.17328512814014e-07,-1093.88251686939
"82",28,1,0.0665669220921093,0.100486705735873,Inf,0.0839989007849286,0.531360717192646,-834.47647859238
"83",28,2,0.0665752539320929,0.100545547535941,Inf,0.0840651010552906,0.531754377630071,-834.476258417367
"84",28,3,0.0665752539320929,0.100545547535941,Inf,0.0840714479721673,0.531943588422893,-834.476159026498
"85",29,1,0.0763931560288579,6.63141963968462e-06,1656.07603813725,0.000340027730088366,1.52092207048383e-06,-1025.8421604593
"86",29,2,0.0763931560288579,6.63141963968462e-06,1656.07603813725,0.000340027730088366,1.52092207048383e-06,-1025.84216045931
"87",29,3,0.0763931560288579,6.63141963968462e-06,1656.07603813725,0.000340027730088366,1.52092207048383e-06,-1025.84216045931
"88",30,1,0.0728422966151446,1.08725782727434e-06,347.418863022747,0.000334094689265889,0.00012288901853322,-1117.22411731226
"89",30,2,0.0724602603455831,5.71813725521302e-07,346.580192750364,0.000342643712993062,2.48649928749236e-06,-1117.21039119921
"90",30,3,0.0724913339047785,2.51378891429384e-07,346.580192750364,0.000342643712993062,2.48649928749236e-06,-1117.2101980404
"91",31,1,0.077522770949121,1.3875366517145e-08,713.308372136566,0.000338521460417606,3.40934156934299e-05,-1044.51722836865
"92",31,2,0.077522770949121,1.3875366517145e-08,713.308372136566,0.000338521460417606,3.40934156934299e-05,-1044.51722836844
"93",31,3,0.077522770949121,1.3875366517145e-08,713.308372136566,0.000338521460417606,3.40934156934299e-05,-1044.51722836855
"94",32,1,0.059494574568211,0.0174129093295297,Inf,0.00496091027438798,0.25754041592004,-1090.95144351518
"95",32,2,0.0592486400162469,0.0171168111481139,5969877.5394474,0.00493513420624384,0.25749648624015,-1090.95000280361
"96",32,3,0.0591659203242748,0.0169122921252929,Inf,0.00494032611017775,0.257646202942277,-1090.94914289105
"97",33,1,0.0722249623186493,1.10836390800508e-06,524.25837209632,0.000346737598351881,8.59782127990262e-08,-1075.46638090441
"98",33,2,0.0722249623186493,1.10836390800508e-06,524.25837209632,0.000346737598351881,8.59782127990262e-08,-1075.46638090433
"99",33,3,0.0722249623186493,1.10836390800508e-06,524.25837209632,0.000346737598351881,8.59782127990262e-08,-1075.4663809044
"100",34,1,0.0763064290168519,2.10138256271501e-07,348.385697356752,0.00034490378024759,3.06467936126425e-05,-1104.04214747817
"101",34,2,0.0761149020816422,9.25501774660308e-08,348.520551920987,0.000342146944561101,2.25243826416545e-07,-1104.03950238121
"102",34,3,0.0761149020816422,9.25501774660308e-08,348.520551920987,0.000342146944561101,2.25243826416545e-07,-1104.0395023812
"103",35,1,0.042327605585252,1.14325312803251e-07,2996.49098720191,0.00378107207803779,0.197819133558178,-1130.95348742442
"104",35,2,0.042303929727021,4.271265693961e-07,3073.06230639312,0.00379881587715986,0.1977207158075,-1130.95305453469
"105",35,3,0.0422979861232176,2.747868377998e-08,3057.57175382074,0.00379236298932877,0.197731143472154,-1130.95295803019
"106",36,1,0.0651229386135292,4.15036976846139e-06,456.579695273045,0.000342323682480247,1.91110247346466e-05,-1111.88780900431
"107",36,2,0.0650891488166891,1.22066653298863e-06,456.579695273045,0.000342323682480247,1.91110247346466e-05,-1111.88672013023
"108",36,3,0.0650891488166891,1.22066653298863e-06,456.579695273045,0.000342323682480247,1.91110247346466e-05,-1111.88672013023
"109",37,1,0.0846052677817957,0.128710098963845,Inf,0.104995999502421,0.83380982853709,-809.492033424413
"110",37,2,0.0851731875201103,0.129433999683275,Inf,0.105358422138357,0.834500824803527,-809.488570731128
"111",37,3,0.0852605946227524,0.129501272774651,Inf,0.105358995841477,0.83475373438533,-809.488526884704
"112",38,1,0.0700507171547654,2.04894144722507e-06,464.416970101372,0.000338342875436077,6.27650214319053e-05,-1093.04296793229
"113",38,2,0.0700507171547654,2.04894144722507e-06,464.416970101372,0.000338342875436077,6.27650214319053e-05,-1093.0429679323
"114",38,3,0.0700507171547654,2.04894144722507e-06,464.416970101372,0.000338342875436077,6.27650214319053e-05,-1093.04296793223
"115",39,1,0.0796807779424432,0.12281181551505,Inf,0.102268556985858,0.673976488351305,-809.87962608636
"116",39,2,0.0802034916460394,0.123440589688888,Inf,0.102606626118787,0.67467233237126,-809.876416953545
"117",39,3,0.0802581900211366,0.123549063492378,Inf,0.10267167029261,0.67494143290589,-809.87621906316
"118",40,1,0.0759765891834637,4.70658136876569e-07,429.82636683076,0.000341008624578466,7.33807072498371e-06,-1080.25761639745
"119",40,2,0.0759765891834637,4.70658136876569e-07,429.82636683076,0.000341008624578465,7.33807072498371e-06,-1080.25761639744
"120",40,3,0.0759765891834637,4.70658136876569e-07,429.82636683076,0.000341008624578465,7.33807072498371e-06,-1080.25761639743
"121",41,1,0.0765684794278655,3.18539062675307e-05,471.638820780918,0.000342684087798492,5.87650937554465e-06,-1068.79625338407
"122",41,2,0.0765613878169253,1.12169171482228e-06,471.638820780918,0.000342684087798492,5.87650937554465e-06,-1068.78672828827
"123",41,3,0.0765613878169253,1.12169171482228e-06,471.638820780918,0.000342684087798492,5.87650937554465e-06,-1068.78672828824
"124",42,1,0.0714458549828046,7.89943716245723e-08,379.188331162457,0.000338508971666743,2.57593469568401e-08,-1110.68498124009
"125",42,2,0.0714458549828046,7.89943716245723e-08,379.752428765729,0.000342957600996759,3.57060087278224e-06,-1110.68422057166
"126",42,3,0.0714458549828046,7.89943716245723e-08,379.752428765729,0.000342957600996759,3.57060087278224e-06,-1110.68422057167
"127",43,1,0.0569950284816432,0.0131471392149338,2065190.54564461,0.00468555245081914,0.244778407014024,-1089.81578888295
"128",43,2,0.0565190545135952,0.01192875830354,Inf,0.00456368870085524,0.244814235663405,-1089.80890064893
"129",43,3,0.0564901684268403,0.0118895098330931,Inf,0.00456368870085524,0.244814235663405,-1089.80884567467
"130",44,1,0.0834490244457379,4.52797891271708e-07,391.530476362964,0.000345527357729177,1.12019316126247e-06,-1066.19749508308
"131",44,2,0.0834490244457379,4.52797891271708e-07,391.530476362964,0.000345527357729177,1.12019316126247e-06,-1066.19749508309
"132",44,3,0.0834490244457379,4.52797891271708e-07,391.530476362964,0.000345527357729178,1.12019316126247e-06,-1066.19749508307
"133",45,1,0.0722629326491669,2.32921033720483e-06,385.368851975147,0.000338223183951926,7.89371602702005e-07,-1102.77512018128
"134",45,2,0.0720092187117913,2.20760062336372e-08,386.39763582176,0.000341418150245221,1.4805213641841e-05,-1102.77126645306
"135",45,3,0.0717334178959575,6.29407109509824e-08,388.403870222258,0.000343832231009557,5.96679402469775e-06,-1102.76940282919
"136",46,1,0.0877378649570753,8.54722946551548e-06,494.777862755884,0.00033187790226641,1.18204870013051e-06,-1030.97762802209
"137",46,2,0.0858934235918315,3.17607274841443e-06,514.36984013906,0.000342591142880274,2.11016152956481e-06,-1030.91536611527
"138",46,3,0.0858583031280574,2.46375221709099e-07,517.120214590896,0.000349766817810358,3.59137617834282e-06,-1030.91372047695
"139",47,1,0.0610287602300944,5.23963233530148e-07,539.735827590385,0.000344831058069528,1.48697675759343e-05,-1115.38696869184
"140",47,2,0.0610287602300944,5.23963233530148e-07,539.735827590385,0.000344831058069528,1.48697675759343e-05,-1115.38696869178
"141",47,3,0.0610287602300944,5.23963233530148e-07,539.735827590385,0.000344831058069528,1.48697675759343e-05,-1115.38696869171
"142",48,1,0.0716732657086008,4.29574302992876e-06,441.102756616288,0.000342691351825796,2.98525120220066e-05,-1085.33123910365
"143",48,2,0.0715411598865577,1.02772772250163e-08,441.102756616288,0.000342691351825796,4.46101577670757e-06,-1085.32761827484
"144",48,3,0.0715411598865577,1.02772772250163e-08,441.102756616288,0.000342691351825796,4.46101577670757e-06,-1085.32761827485
"145",49,1,0.0625026594606924,6.05941758152032e-07,549.759543335077,0.000339097620352443,4.15945953048229e-08,-1109.9710707731
"146",49,2,0.0625026594606924,6.05941758152032e-07,549.759543335077,0.000339097620352443,4.15945953048229e-08,-1109.97107077301
"147",49,3,0.0625026594606924,6.05941758152032e-07,549.759543335077,0.000339097620352443,4.15945953048229e-08,-1109.97107077313
"148",50,1,0.0756403446594124,2.00909459657523e-07,387.562405368689,0.000342068085703436,4.57050448404428e-06,-1090.49657620241
"149",50,2,0.0756403446594124,2.00909459657523e-07,387.562405368689,0.000342068085703436,4.57050448404428e-06,-1090.49657620242
"150",50,3,0.0756403446594124,2.00909459657523e-07,387.562405368689,0.000342068085703436,4.57050448404428e-06,-1090.49657620241
"151",51,1,0.0476184028000793,2.14508198232598e-07,4372.80352906125,0.00377173965908393,0.252916104495918,-1103.25556075473
"152",51,2,0.047609676781398,4.56387511661576e-07,4398.82454913632,0.00377498993895045,0.252913755879661,-1103.25553370289
"153",51,3,0.047609676781398,4.56387511661576e-07,4398.82454913632,0.00377498993895045,0.252913755879661,-1103.25553370292
"154",52,1,0.0663787885397363,4.01708704663132e-06,424.598615829349,0.00033647830730683,1.68853525878798e-07,-1120.31579535157
"155",52,2,0.0663787885397363,4.01708704663132e-06,424.598615829349,0.00033647830730683,1.68853525878798e-07,-1120.31579535159
"156",52,3,0.0663787885397363,4.01708704663132e-06,424.598615829349,0.00033647830730683,1.68853525878798e-07,-1120.31579535159
"157",53,1,0.0838570152591928,4.99719714178799e-06,493.326183654,0.000350887983754961,1.62433353536707e-05,-1039.4841780692
"158",53,2,0.0838570152591928,4.99719714178799e-06,498.038047470277,0.000347205187682931,1.67421114685499e-06,-1039.48282437595
"159",53,3,0.0836676802328772,2.97050978610591e-09,498.038047470277,0.000347205187682931,1.67421114685499e-06,-1039.47966858744
"160",54,1,0.0692767432650491,1.16414035285372e-05,380.586183126784,0.000340156392036351,2.51219888925353e-06,-1123.48519124738
"161",54,2,0.068621618736345,3.2564770976592e-06,385.075612703261,0.000339046813450865,7.5309210559302e-06,-1123.47508709885
"162",54,3,0.068621618736345,3.2564770976592e-06,385.075612703261,0.000339046813450865,7.5309210559302e-06,-1123.47508709885
"163",55,1,0.0609704559344338,0.0925646984061136,Inf,0.0779041658011011,0.497917953111744,-823.652869084986
"164",55,2,0.0610138316068606,0.0926635039787205,Inf,0.077984958168883,0.498740743754724,-823.652446037325
"165",55,3,0.0610674833598629,0.0927260271434109,Inf,0.078030511320112,0.499431600401435,-823.652199220089
"166",56,1,0.0678532816575058,1.11108649637367e-05,405.032301315336,0.000348927572737919,9.14873845752202e-06,-1115.9549374765
"167",56,2,0.0678930937912185,3.78653710159706e-06,405.032301315336,0.000348927572737919,9.14873845752202e-06,-1115.95253285388
"168",56,3,0.0678591280086674,8.56835997955427e-07,405.032301315336,0.000348927572737919,9.14873845752202e-06,-1115.95137262191
"169",57,1,0.0705937729913015,1.41996380163496e-06,529.746793652673,0.0003428407982391,1.56297044196823e-06,-1078.56352685695
"170",57,2,0.0705937729913015,1.41996380163496e-06,529.746793652673,0.0003428407982391,1.56297044196823e-06,-1078.56352685649
"171",57,3,0.0705937729913014,1.41996380163496e-06,529.746793652673,0.0003428407982391,1.56297044196823e-06,-1078.56352685701
"172",58,1,0.0773534707567647,5.48732065017873e-06,418.956669924541,0.000339749794868623,3.28031047816656e-06,-1075.58090203518
"173",58,2,0.0773534707567647,5.48732065017873e-06,418.956669924541,0.000339749794868623,3.28031047816656e-06,-1075.58090203518
"174",58,3,0.0773534707567647,5.48732065017873e-06,418.956669924541,0.000339749794868623,3.28031047816656e-06,-1075.58090203518
"175",59,1,0.0798843945939831,3.40967207656491e-06,383.534866088621,0.000350170147336637,4.20379844441277e-06,-1076.01848923428
"176",59,2,0.0798843945939831,3.40967207656491e-06,383.534866088621,0.000350170147336637,4.20379844441277e-06,-1076.01848923429
"177",59,3,0.0798843945939831,3.40967207656491e-06,383.534866088621,0.000350170147336637,4.20379844441277e-06,-1076.01848923428
"178",60,1,0.0746069710668027,3.67685313241541e-08,470.821800735932,0.00034187717497189,4.50695760295428e-06,-1078.31211749804
"179",60,2,0.0746069710668027,3.67685313241541e-08,470.821800735932,0.00034187717497189,4.50695760295428e-06,-1078.31211749804
"180",60,3,0.0746069710668027,3.67685313241541e-08,470.821800735932,0.00034187717497189,4.50695760295428e-06,-1078.31211749804
"181",61,1,0.0636853551079926,0.0988176950245677,Inf,0.0836186135136443,0.477228293407688,-798.137410925888
"182",61,2,0.0637594796723419,0.0989867815148548,Inf,0.0838496081539111,0.477420780723965,-798.136341364963
"183",61,3,0.0638390501400754,0.0990669909742937,Inf,0.0838496081539111,0.477693677642327,-798.136161955747
"184",62,1,0.0740820859674685,2.25086758115561e-06,529.168819114572,0.000343811365571688,5.57963770366982e-08,-1062.86605697109
"185",62,2,0.0739633889992283,4.10083904674298e-08,529.168819114572,0.000343811365571688,5.57963770366982e-08,-1062.86488153393
"186",62,3,0.0739633889992283,4.10083904674298e-08,529.168819114572,0.000343811365571689,5.57963770366982e-08,-1062.86488153388
"187",63,1,0.0648293027387288,1.04219383149504e-05,551.413601091947,0.000342491500735272,4.2589196027816e-07,-1100.0480532814
"188",63,2,0.0646276348506719,1.92337548777837e-07,552.876317963806,0.000341372102068426,1.43562933941794e-07,-1100.04364941786
"189",63,3,0.0646276348506719,1.92337548777837e-07,552.876317963806,0.000341372102068426,1.43562933941794e-07,-1100.04364941787
"190",64,1,0.0683248356908263,6.3110004532319e-06,683.708979512264,0.000335773502399328,4.15901728732698e-08,-1076.97862769056
"191",64,2,0.0683248356908263,6.3110004532319e-06,683.708979512264,0.000335773502399328,4.15901728732698e-08,-1076.97862769048
"192",64,3,0.0683248356908263,6.3110004532319e-06,683.708979512264,0.000335773502399328,4.15901728732698e-08,-1076.97862769058
"193",65,1,0.0650860424839995,2.10577986169289e-05,414.436318233748,0.000342966785366686,4.0454551332338e-06,-1126.21396845249
"194",65,2,0.0638612400018692,2.87834100109446e-06,422.413084310499,0.000338035132865023,1.07372082034518e-07,-1126.16224307931
"195",65,3,0.063800038966291,1.6576323390118e-06,422.413084310499,0.000338035132865023,1.07372082034518e-07,-1126.16147873875
"196",66,1,0.0710068857429175,2.2962502225288e-06,446.106711288639,0.000348091866304018,2.38543141453117e-07,-1089.59185587402
"197",66,2,0.0710068857429175,2.2962502225288e-06,446.106711288639,0.000348091866304018,2.38543141453117e-07,-1089.59185587402
"198",66,3,0.0710068857429175,2.2962502225288e-06,446.106711288639,0.000348091866304018,2.38543141453116e-07,-1089.59185587402
"199",67,1,0.0639472568237436,4.87053780654232e-07,404.585044914047,0.00034204066719192,5.60051809702089e-06,-1127.42572385691
"200",67,2,0.0639472568237436,4.87053780654232e-07,404.585044914047,0.00034204066719192,5.60051809702089e-06,-1127.42572385691
"201",67,3,0.0639472568237436,4.87053780654232e-07,404.585044914047,0.00034204066719192,5.60051809702089e-06,-1127.42572385691
"202",68,1,0.0690012577742677,3.47635273762608e-06,409.454808642531,0.000352513461673575,8.74545955037687e-07,-1112.12464941155
"203",68,2,0.069038644417294,5.4665345146957e-07,409.454808642531,0.000352513461673575,8.74545955037687e-07,-1112.12345516457
"204",68,3,0.069038644417294,5.4665345146957e-07,409.454808642531,0.000352513461673575,8.74545955037687e-07,-1112.12345516455
"205",69,1,0.0770599489423923,3.81503589698018e-06,429.418288717615,0.000344433017669798,2.28002404595308e-07,-1080.91546739161
"206",69,2,0.0767504672050456,3.08416559880115e-08,431.216918406702,0.000339819165520154,1.09137781834009e-05,-1080.91074895695
"207",69,3,0.0766461111357907,3.62179953073156e-08,432.371592320708,0.000342097978063192,2.4049865456997e-06,-1080.90895248941
"208",70,1,0.071107573294316,4.60986724798719e-06,460.546830457478,0.000342138491632783,3.28131221410202e-05,-1089.29569183556
"209",70,2,0.0710734027255532,1.68016132014643e-06,460.546830457478,0.000342138491632783,3.28131221410202e-05,-1089.29463053315
"210",70,3,0.0710734027255532,1.68016132014643e-06,460.546830457478,0.000342138491632783,3.28131221410202e-05,-1089.29463053316
"211",71,1,0.0704522596794363,2.82853091273471e-07,508.10319766447,0.000347826015980241,1.54692321753351e-07,-1088.46658305873
"212",71,2,0.0704522596794363,2.82853091273471e-07,508.10319766447,0.000347826015980241,1.54692321753351e-07,-1088.46658305868
"213",71,3,0.0704522596794363,2.82853091273472e-07,508.10319766447,0.000347826015980241,1.54692321753351e-07,-1088.46658305871
"214",72,1,0.064140265529429,7.62993055659571e-08,979.780968781266,0.00034166764603459,1.96984108243186e-05,-1077.98124482925
"215",72,2,0.0640866306686771,1.00589435148379e-06,979.780968781266,0.00034166764603459,1.96984108243186e-05,-1077.98121831283
"216",72,3,0.0640866306686771,1.00589435148379e-06,979.780968781266,0.00034166764603459,1.96984108243186e-05,-1077.98121831291
"217",73,1,0.0716681027936994,2.12484683135987e-07,368.664589226652,0.000342330675213901,3.38276547870389e-06,-1118.73089232398
"218",73,2,0.0716681027936994,2.12484683135987e-07,368.664589226652,0.000342330675213901,3.38276547870389e-06,-1118.73089232398
"219",73,3,0.0716681027936994,2.12484683135987e-07,368.664589226652,0.000342330675213901,3.38276547870389e-06,-1118.73089232398
"220",74,1,0.0616594436355743,4.62140424506162e-07,590.052769026518,0.000338923935834852,1.14706129247614e-06,-1106.59878892449
"221",74,2,0.0616594436355743,4.62140424506162e-07,590.052769026518,0.000338923935834852,1.14706129247614e-06,-1106.59878892435
"222",74,3,0.0616594436355743,4.62140424506162e-07,590.052769026518,0.000338923935834852,1.14706129247614e-06,-1106.59878892359
"223",75,1,0.0758815700148756,2.86975532765086e-09,630.613724561234,0.000338709423871747,3.15933342807946e-05,-1049.10539143285
"224",75,2,0.0758027188267999,6.34202554992979e-07,630.613724561234,0.000338709423871747,3.15933342807946e-05,-1049.10537318222
"225",75,3,0.0758027188267999,6.34202554992979e-07,630.613724561234,0.000338709423871747,3.15933342807946e-05,-1049.10537318223
"226",76,1,0.0739820306859996,0.115432267324876,Inf,0.0966078903138669,0.571828816357358,-797.717500821879
"227",76,2,0.0741078365557908,0.115649769446743,Inf,0.0969179807442702,0.571828816357358,-797.715458125991
"228",76,3,0.0742069924591933,0.115819965736052,Inf,0.0970136708198598,0.57175638187576,-797.714642758831
"229",77,1,0.058255130911303,6.8049227909945e-06,444.895820849713,0.000346932721910594,0.000119157459512394,-1143.45511590148
"230",77,2,0.0582445276367167,1.04059165484385e-07,444.678926647153,0.000342662851270192,3.93366330127436e-06,-1143.44680295417
"231",77,3,0.0582445276367167,1.04059165484385e-07,444.678926647153,0.000342662851270192,3.93366330127436e-06,-1143.44680295417
"232",78,1,0.0695165658757389,2.76071678025851e-06,557.175863830989,0.000350053005388447,6.14002435962511e-06,-1079.4727529969
"233",78,2,0.0691917711394624,1.6010437533094e-06,555.87407620896,0.000344980772032951,5.88270486619613e-07,-1079.46682213761
"234",78,3,0.0691917711394624,1.6010437533094e-06,555.87407620896,0.000344980772032951,5.88270486619613e-07,-1079.46682214006
"235",79,1,0.0752157801124571,9.74051660372889e-07,483.449715445163,0.00034673207666512,9.43269365577962e-05,-1073.58108343956
"236",79,2,0.0737269653822057,9.18092932136421e-07,496.096545024651,0.000342804960992508,5.62838243950392e-05,-1073.52377058171
"237",79,3,0.0732888323410368,1.17483400105411e-06,501.836386545613,0.000337453270378166,1.82467221778185e-07,-1073.51782268221
"238",80,1,0.0685475741137577,4.63349389825189e-08,426285.155276805,0.000343428691842757,4.54016577659127e-06,-1037.5763667781
"239",80,2,0.0685475741137577,4.63349389825189e-08,5560356.11897879,0.00034369868500745,2.23556641118167e-05,-1037.57432857335
"240",80,3,0.0685475741137577,4.63349389825189e-08,5560356.11897879,0.00034369868500745,2.23556641118167e-05,-1037.57432857334
"241",81,1,0.0699462151775029,2.12219399581877e-06,569.235885859059,0.000334021025814267,3.8556001587131e-07,-1081.43981711544
"242",81,2,0.0698116457847683,1.58149901892312e-08,570.796110456238,0.000341964224864478,6.06960974631927e-06,-1081.4367507967
"243",81,3,0.0698116457847683,1.58149901892312e-08,570.796110456238,0.000341964224864478,6.06960974631927e-06,-1081.43675079669
"244",82,1,0.0729179135110692,1.00600125602896e-06,428.916967320476,0.000347195131201152,4.03324003336536e-05,-1091.52770209568
"245",82,2,0.0715906701560347,3.31532312131204e-07,435.94014944666,0.000347060563461485,3.00882330417976e-08,-1091.48990331093
"246",82,3,0.0715906701560347,3.31532312131204e-07,435.94014944666,0.000347060563461485,3.00882330417976e-08,-1091.48990331095
"247",83,1,0.0733073470165518,4.83975222495089e-06,1350.31520822963,0.000338072685323836,3.68101776437223e-06,-1036.4856467507
"248",83,2,0.0731620785356584,2.51993835523848e-08,1333.95012785999,0.000342997632255647,2.82946203004843e-08,-1036.48357937114
"249",83,3,0.0732543211300134,6.8888360898318e-09,1332.32845108965,0.000342231181049596,4.50195158654513e-07,-1036.48331654626
"250",84,1,0.0627775748012301,0.0257100260839252,Inf,0.0056839530278739,0.275499384693843,-1079.63085628617
"251",84,2,0.0627588237307517,0.0256560892176788,Inf,0.0056839530278739,0.275499384693843,-1079.63080918737
"252",84,3,0.062797429597075,0.0257192729734566,Inf,0.0056839530278739,0.275499384693843,-1079.63080392111
"253",85,1,0.0800293677783999,9.61819057850382e-08,470.18351516719,0.000345001532080053,8.55790148298688e-06,-1058.39807826534
"254",85,2,0.0800293677783999,9.61819057850382e-08,470.18351516719,0.000345001532080053,8.55790148298688e-06,-1058.39807826532
"255",85,3,0.0800293677783999,9.61819057850382e-08,470.18351516719,0.000345001532080053,8.55790148298688e-06,-1058.39807826535
"256",86,1,0.0691569079738908,0.10780384805563,Inf,0.0905893735733525,0.55563650025097,-786.343434596322
"257",86,2,0.0691569079738908,0.10780384805563,Inf,0.090588817765375,0.55586989162706,-786.343109398155
"258",86,3,0.0693420241275186,0.108072593100033,Inf,0.0909131766403481,0.55586989162706,-786.341635074294
"259",87,1,0.0770817488639018,2.10345536501399e-07,492.272574012023,0.000336576305669098,6.41557752480698e-06,-1065.27200166351
"260",87,2,0.0770817488639018,2.10345536501399e-07,492.272574012023,0.000336576305669098,6.41557752480698e-06,-1065.27200166337
"261",87,3,0.0770817488639018,2.10345536501399e-07,492.272574012023,0.000336576305669098,6.41557752480698e-06,-1065.27200166326
"262",88,1,0.0696773318109295,6.27213504293199e-07,432.207116501759,0.000343555632708859,2.43230680909932e-07,-1094.42706856773
"263",88,2,0.0696773318109295,6.27213504293199e-07,432.207116501759,0.000343555632708858,2.43230680909932e-07,-1094.42706856729
"264",88,3,0.0696773318109295,6.27213504293199e-07,432.207116501759,0.000343555632708858,2.43230680909932e-07,-1094.42706856736
"265",89,1,0.0723031968269577,5.56952121113687e-06,482.606675484235,0.000340868058900731,1.124775349522e-06,-1078.35658648131
"266",89,2,0.0725260851396183,2.48277167737929e-08,485.872595351603,0.000343174732656437,9.46113451672036e-06,-1078.35262437534
"267",89,3,0.0723774121752535,3.02040560284305e-08,487.607317431813,0.000340018534669451,3.9954723086636e-06,-1078.35147225657
"268",90,1,0.0487719223705015,0.00501769300197689,Inf,0.00410340945581969,0.291736876492107,-1100.48010830998
"269",90,2,0.0487659072035825,0.00501769300197689,Inf,0.00410340945581969,0.292243516490171,-1100.48006627515
"270",90,3,0.0487659072035825,0.00501769300197689,Inf,0.00410340945581969,0.292243516490171,-1100.48006627515
"271",91,1,0.0723898490065346,9.50317500650957e-08,513.812471178266,0.000341959455137618,2.22846575835844e-05,-1074.63080229797
"272",91,2,0.0723898490065346,9.50317500650957e-08,513.812471178266,0.000341959455137618,2.22846575835844e-05,-1074.63080229959
"273",91,3,0.0723898490065346,9.50317500650957e-08,513.812471178266,0.000341959455137618,2.22846575835844e-05,-1074.63080229823
"274",92,1,0.0657153735774995,2.63898423386707e-07,524.676340381917,0.000329487211094736,1.53543056517613e-06,-1097.25763258276
"275",92,2,0.064400930490312,8.69405778180084e-06,556.142225478343,0.000343322665267292,2.04729067166004e-05,-1097.2233516836
"276",92,3,0.0644396557535944,2.834615230838e-06,556.142225478343,0.000343322665267292,2.04729067166004e-05,-1097.22177401475
"277",93,1,0.074507308992089,6.02185355732447e-07,434.014506283325,0.000340444128622373,1.62523740052186e-07,-1079.60653171416
"278",93,2,0.074507308992089,6.02185355732447e-07,434.014506283325,0.000340444128622373,1.62523740052186e-07,-1079.60653171416
"279",93,3,0.074507308992089,6.02185355732447e-07,434.014506283325,0.000340444128622374,1.62523740052186e-07,-1079.60653171416
"280",94,1,0.0707108280844684,1.61920359723447e-06,594.060617777036,0.00034531868591311,4.72917360828429e-06,-1071.93289647654
"281",94,2,0.0707108280844684,1.61920359723447e-06,594.060617777036,0.000345318685913111,4.72917360828429e-06,-1071.93289647656
"282",94,3,0.0707108280844684,1.61920359723447e-06,594.060617777036,0.000345318685913111,4.72917360828429e-06,-1071.93289647659
"283",95,1,0.0454692100600083,5.3893675599947e-06,1604.3840097159,0.00379783077201631,0.240338294743804,-1130.91717651185
"284",95,2,0.0454434099142563,2.14939359047956e-06,1626.29023414752,0.00378324155701779,0.240031282589425,-1130.91666296978
"285",95,3,0.045455225249339,1.68420853432647e-07,1611.03423929915,0.00378380773343917,0.240028912355489,-1130.91648963934
"286",96,1,0.0675409327001609,7.57680846047635e-07,477.483219627942,0.000341639286572,1.69230486139755e-05,-1101.84498871961
"287",96,2,0.0675409327001609,7.57680846047635e-07,477.483219627942,0.000341639286572,1.69230486139755e-05,-1101.84498871962
"288",96,3,0.0675409327001609,7.57680846047635e-07,477.483219627942,0.000341639286572,1.69230486139755e-05,-1101.84498871963
"289",97,1,0.0721192335989786,2.09448407668099e-06,391.852141321768,0.00034327699346548,4.16392050855879e-07,-1106.64392076566
"290",97,2,0.0719920204842059,7.26808099219953e-09,392.393042238604,0.000341483002837499,2.23072477190209e-07,-1106.64243738722
"291",97,3,0.0719920204842059,7.26808099219953e-09,392.393042238604,0.000341483002837499,2.23072477190209e-07,-1106.64243738722
"292",98,1,0.0680658993994869,4.08610239042784e-06,511.707449877328,0.00034142044414377,1.19376785697745e-05,-1084.98523416124
"293",98,2,0.0680319226235897,1.15639953152165e-06,511.707449877357,0.00034142044414377,1.19376785697745e-05,-1084.98423176467
"294",98,3,0.0680319226235897,1.15639953152165e-06,511.707449877328,0.00034142044414377,1.19376785697745e-05,-1084.98423176466
"295",99,1,0.0708111518710813,8.05073129872332e-07,541.330467577244,0.000344935055972492,1.34529435892118e-08,-1077.16009686573
"296",99,2,0.0708111518710813,8.05073129872332e-07,541.330467577244,0.000344935055972492,1.34529435892118e-08,-1077.16009686576
"297",99,3,0.0708111518710813,8.05073129872331e-07,541.330467577244,0.000344935055972492,1.34529435892118e-08,-1077.16009686573
"298",100,1,0.0758612455435101,2.26203377007366e-06,512.584209798877,0.000336322936397818,8.08976033221533e-07,-1065.36436369465
"299",100,2,0.0758612455435101,2.26203377007366e-06,512.157447527128,0.000341438341646945,6.77874401362705e-06,-1065.36363682515
"300",100,3,0.0758612455435101,2.26203377007366e-06,512.157447527128,0.000341438341646945,6.77874401362705e-06,-1065.3636368256
